{
  "Ansi 7 Color (Light)" : {
    "Red Component" : 0.89803922176361084,
    "Color Space" : "sRGB",
    "Blue Component" : 0.89803922176361084,
    "Alpha Component" : 1,
    "Green Component" : 0.89803922176361084
  },
  "Ansi 15 Color (Light)" : {
    "Red Component" : 0.89803922176361084,
    "Color Space" : "sRGB",
    "Blue Component" : 0.89803922176361084,
    "Alpha Component" : 1,
    "Green Component" : 0.89803922176361084
  },
  "Ansi 2 Color (Light)" : {
    "Red Component" : 0.050980392843484879,
    "Color Space" : "sRGB",
    "Blue Component" : 0.47450980544090271,
    "Alpha Component" : 1,
    "Green Component" : 0.73725491762161255
  },
  "Bold Color" : {
    "Red Component" : 0.062745101749896975,
    "Color Space" : "sRGB",
    "Blue Component" : 0.062745101749896975,
    "Alpha Component" : 1,
    "Green Component" : 0.062745101749896975
  },
  "Ansi 1 Color (Dark)" : {
    "Red Component" : 0.9686274528503418,
    "Color Space" : "sRGB",
    "Blue Component" : 0.40000000596046448,
    "Alpha Component" : 1,
    "Green Component" : 0.5058823823928833
  },
  "Use Bright Bold" : true,
  "Ansi 9 Color (Light)" : {
    "Red Component" : 0.94509804248809814,
    "Color Space" : "sRGB",
    "Blue Component" : 0.29803922772407532,
    "Alpha Component" : 1,
    "Green Component" : 0.29803922772407532
  },
  "Ansi 8 Color (Dark)" : {
    "Red Component" : 0.35384607315063477,
    "Color Space" : "P3",
    "Blue Component" : 0.35117816925048828,
    "Alpha Component" : 1,
    "Green Component" : 0.35123187303543091
  },
  "Background Color" : {
    "Red Component" : 0.97999999999999998,
    "Color Space" : "sRGB",
    "Blue Component" : 0.97999999999999998,
    "Alpha Component" : 1,
    "Green Component" : 0.97999999999999998
  },
  "Columns" : 80,
  "Ansi 8 Color" : {
    "Red Component" : 0.40781760215759277,
    "Color Space" : "sRGB",
    "Blue Component" : 0.4078223705291748,
    "Alpha Component" : 1,
    "Green Component" : 0.40782788395881653
  },
  "Right Option Key Sends" : 0,
  "Ansi 4 Color (Light)" : {
    "Red Component" : 0.14117647707462311,
    "Color Space" : "sRGB",
    "Blue Component" : 0.78431373834609985,
    "Alpha Component" : 1,
    "Green Component" : 0.44705882668495178
  },
  "Has Hotkey" : false,
  "Blinking Cursor" : true,
  "Selected Text Color (Light)" : {
    "Red Component" : 0.87843137979507446,
    "Color Space" : "sRGB",
    "Blue Component" : 0.87843137979507446,
    "Alpha Component" : 1,
    "Green Component" : 0.87843137979507446
  },
  "Selected Text Color (Dark)" : {
    "Red Component" : 1,
    "Color Space" : "sRGB",
    "Blue Component" : 1,
    "Alpha Component" : 1,
    "Green Component" : 1
  },
  "Cursor Type" : 0,
  "Keyboard Map" : {

  },
  "Ansi 3 Color (Dark)" : {
    "Red Component" : 0.89019608497619629,
    "Color Space" : "sRGB",
    "Blue Component" : 0.25490197539329529,
    "Alpha Component" : 1,
    "Green Component" : 0.70196080207824707
  },
  "Visual Bell" : true,
  "Cursor Text Color" : {
    "Red Component" : 1,
    "Color Space" : "sRGB",
    "Blue Component" : 1,
    "Alpha Component" : 1,
    "Green Component" : 1
  },
  "Scrollback Lines" : 0,
  "Selection Color (Light)" : {
    "Red Component" : 0.22745098173618317,
    "Color Space" : "sRGB",
    "Blue Component" : 0.25490197539329529,
    "Alpha Component" : 1,
    "Green Component" : 0.23921568691730499
  },
  "Ansi 0 Color" : {
    "Red Component" : 0.078431375324726105,
    "Color Space" : "sRGB",
    "Blue Component" : 0.11764705926179886,
    "Alpha Component" : 1,
    "Green Component" : 0.098039217293262454
  },
  "Match Background Color (Dark)" : {
    "Red Component" : 1,
    "Color Space" : "P3",
    "Blue Component" : 0,
    "Alpha Component" : 1,
    "Green Component" : 1
  },
  "Ansi 11 Color (Light)" : {
    "Red Component" : 0.96078431606292725,
    "Color Space" : "sRGB",
    "Blue Component" : 0.26274511218070984,
    "Alpha Component" : 1,
    "Green Component" : 0.96078431606292725
  },
  "Ansi 5 Color (Dark)" : {
    "Red Component" : 0.80784313725490198,
    "Color Space" : "P3",
    "Blue Component" : 0.98431372549019602,
    "Alpha Component" : 1,
    "Green Component" : 0.6470588235294118
  },
  "Cursor Text Color (Light)" : {
    "Red Component" : 0,
    "Color Space" : "sRGB",
    "Blue Component" : 0,
    "Alpha Component" : 1,
    "Green Component" : 0
  },
  "Silence Bell" : true,
  "Rows" : 25,
  "Draw Powerline Glyphs" : true,
  "Guid" : "B08D190D-A619-4FB3-9448-C7481C0428A6",
  "Ansi 14 Color (Dark)" : {
    "Red Component" : 0.63529411764705879,
    "Color Space" : "P3",
    "Blue Component" : 0.98431372549019602,
    "Alpha Component" : 1,
    "Green Component" : 0.82352941176470584
  },
  "Ansi 15 Color (Dark)" : {
    "Red Component" : 1,
    "Color Space" : "sRGB",
    "Blue Component" : 1,
    "Alpha Component" : 1,
    "Green Component" : 1
  },
  "Ansi 0 Color (Dark)" : {
    "Red Component" : 0,
    "Color Space" : "sRGB",
    "Blue Component" : 0,
    "Alpha Component" : 1,
    "Green Component" : 0
  },
  "Ambiguous Double Width" : false,
  "Option Key Sends" : 2,
  "Ansi 3 Color" : {
    "Red Component" : 0.78058648109436035,
    "Color Space" : "sRGB",
    "Blue Component" : 0,
    "Alpha Component" : 1,
    "Green Component" : 0.76959484815597534
  },
  "Window Type" : 0,
  "BM Growl" : true,
  "Prompt Before Closing 2" : 0,
  "Command" : "",
  "Selected Text Color" : {
    "Red Component" : 0,
    "Color Space" : "sRGB",
    "Blue Component" : 0,
    "Alpha Component" : 1,
    "Green Component" : 0
  },
  "Ansi 14 Color (Light)" : {
    "Red Component" : 0.16078431904315948,
    "Color Space" : "sRGB",
    "Blue Component" : 0.85882353782653809,
    "Alpha Component" : 1,
    "Green Component" : 0.72156864404678345
  },
  "Cursor Guide Color (Dark)" : {
    "Red Component" : 0.70213186740875244,
    "Color Space" : "sRGB",
    "Blue Component" : 1,
    "Alpha Component" : 0.25,
    "Green Component" : 0.9268307089805603
  },
  "ASCII Ligatures" : true,
  "Send Code When Idle" : false,
  "Ansi 6 Color" : {
    "Red Component" : 0,
    "Color Space" : "sRGB",
    "Blue Component" : 0.78166204690933228,
    "Alpha Component" : 1,
    "Green Component" : 0.77425903081893921
  },
  "Jobs to Ignore" : [
    "rlogin",
    "ssh",
    "slogin",
    "telnet",
    "rysnc",
    "psql"
  ],
  "Badge Color (Dark)" : {
    "Red Component" : 0.21960784494876862,
    "Color Space" : "sRGB",
    "Blue Component" : 0.99215686321258545,
    "Alpha Component" : 0.5,
    "Green Component" : 0.54509806632995605
  },
  "Cursor Color" : {
    "Red Component" : 0,
    "Color Space" : "sRGB",
    "Blue Component" : 0,
    "Alpha Component" : 1,
    "Green Component" : 0
  },
  "Vertical Spacing" : 1.04,
  "Bound Hosts" : [

  ],
  "Disable Window Resizing" : true,
  "Close Sessions On End" : true,
  "Selection Color (Dark)" : {
    "Red Component" : 0.23137255012989044,
    "Color Space" : "sRGB",
    "Blue Component" : 0.43921568989753723,
    "Alpha Component" : 1,
    "Green Component" : 0.31372550129890442
  },
  "Default Bookmark" : "No",
  "Foreground Color (Light)" : {
    "Red Component" : 0.80000001192092896,
    "Color Space" : "sRGB",
    "Blue Component" : 0.80000001192092896,
    "Alpha Component" : 1,
    "Green Component" : 0.80000001192092896
  },
  "Custom Command" : "No",
  "Background Color (Dark)" : {
    "Red Component" : 0.062745101749896975,
    "Color Space" : "sRGB",
    "Blue Component" : 0.086274512112140656,
    "Alpha Component" : 1,
    "Green Component" : 0.070588238537311554
  },
  "Ansi 9 Color" : {
    "Red Component" : 0.8659515380859375,
    "Color Space" : "sRGB",
    "Blue Component" : 0.45833224058151245,
    "Alpha Component" : 1,
    "Green Component" : 0.47524076700210571
  },
  "Ansi 14 Color" : {
    "Red Component" : 0.37597531080245972,
    "Color Space" : "sRGB",
    "Blue Component" : 1,
    "Alpha Component" : 1,